,chromosome,Range,S_value,P_value,f_value,m,w_value,(s-p)^2
0,chr17,"(0, 79627)",-1.0,0,1.01,0.0015799007936507937,0.0015956998015873016,1.0
1,chr17,"(79627, 50400000)",0.0,0,0.01,0.9984200992063492,0.009984200992063492,0.0
2,chr17,"(50400000, 82322908)",0.0,0,0.01,0.22679884889039642,0.002267988488903964,0.0
3,chr17,"(82322908, 191154276)",-1.0,0,1.01,0.7732011440050237,0.7809331554450739,1.0
