,chromosome,Range,S_value,P_value,f_value,m,w_value,(s-p)^2
0,chr11,"(0, 17200000)",0.0,0,0.01,1.0,0.01,0
1,chr11,"(17200000, 78077248)",0.0,0,0.01,0.9999999835735022,0.009999999835735022,0
