,chromosome,Range,S_value,P_value,f_value,m,w_value,(s-p)^2
0,chr15,"(0, 14700000)",0.0,0,0.01,1.0,0.01,0.0
1,chr15,"(14700000, 16151161)",0.0,0,0.01,0.03964426078308753,0.00039644260783087536,0.0
2,chr15,"(16151161, 39350137)",-1.0,0,1.01,0.6337727202182176,0.6401104474203998,1.0
3,chr15,"(39350137, 39405008)",0.0,0,0.01,0.001499020600352956,1.499020600352956e-05,0.0
4,chr15,"(39405008, 51304566)",-1.0,0,1.01,0.32508397107934645,0.32833481079013993,1.0
