,chromosome,Range,S_value,P_value,f_value,m,w_value,(s-p)^2
0,chr19,"(0, 61000000)",0.0,0,0.01,1.0,0.01,0.0
1,chr19,"(61000000, 62235758)",1.0,0,1.01,0.011222424164511255,0.011334648406156368,1.0
2,chr19,"(62235758, 171115067)",0.0,0,0.01,0.9887775667540795,0.009887775667540795,0.0
