,chromosome,Range,S_value,P_value,f_value,m,w_value,(s-p)^2
0,chr16,"(0, 91000000)",0.0,0,0.01,1.0,0.01,0.0
1,chr16,"(91000000, 93543006)",0.0,0,0.01,0.023761429975366566,0.00023761429975366566,0.0
2,chr16,"(93543006, 93705493)",1.0,0,1.01,0.001518251813958515,0.0015334343320981,1.0
3,chr16,"(93705493, 198022430)",0.0,0,0.01,0.9747203088668394,0.009747203088668393,0.0
