,chromosome,Range,S_value,P_value,f_value,m,w_value,(s-p)^2
0,chr1,"(0, 31262421)",-1.0,1.0,2.01,0.250099368,0.5026997296799999,4.0
1,chr1,"(31262421, 117800000)",0.0,1.0,1.01,0.692300632,0.69922363832,1.0
2,chr1,"(117800000, 125000000)",0.0,0.0,0.01,0.0576,0.000576,0.0
3,chr1,"(125000000, 249250621)",0.0,0.0,0.01,0.9999999919517506,0.009999999919517506,0.0
