,chromosome,Range,S_value,P_value,f_value,m,w_value,(s-p)^2
0,chr12,"(0, 755391)",-1.0,0,1.01,0.02850532075471698,0.02879037396226415,1.0
1,chr12,"(755391, 1219608)",0.0,0,0.01,0.017517622641509432,0.00017517622641509433,0.0
2,chr12,"(1219608, 9102391)",-1.0,0,1.01,0.29746350943396227,0.3004381445283019,1.0
3,chr12,"(9102391, 17962727)",1.0,0,1.01,0.33435230188679244,0.33769582490566036,1.0
4,chr12,"(17962727, 26500000)",0.0,0,0.01,0.32216124528301887,0.0032216124528301887,0.0
5,chr12,"(26500000, 33408940)",0.0,0,0.01,0.21174241894874815,0.0021174241894874814,0.0
6,chr12,"(33408940, 59128983)",-1.0,0,1.01,0.7882575504036534,0.79614012590769,1.0
