,chromosome,Range,S_value,P_value,f_value,m,w_value,(s-p)^2
0,chr18,"(0, 1522369)",1.0,0,1.01,0.031453904958677684,0.03176844400826446,1.0
1,chr18,"(1522369, 48400000)",0.0,0,0.01,0.9685460950413223,0.009685460950413224,0.0
2,chr18,"(48400000, 49520000)",0.0,0,0.01,0.008451856726147186,8.451856726147186e-05,0.0
3,chr18,"(49520000, 49573133)",1.0,0,1.01,0.0004009575923485522,0.00040496716827203774,1.0
4,chr18,"(49573133, 138744488)",0.0,0,0.01,0.6729138540503649,0.006729138540503649,0.0
5,chr18,"(138744488, 139017711)",-1.0,0,1.01,0.0020618229020429577,0.002082441131063387,1.0
6,chr18,"(139017711, 180915260)",0.0,0,0.01,0.31617150118279586,0.0031617150118279586,0.0
