,chromosome,Range,S_value,P_value,f_value,m,w_value,(s-p)^2
0,chr10,"(0, 1363939)",1.0,0,1.01,0.056830791666666665,0.057399099583333335,1.0
1,chr10,"(1363939, 8889328)",0.0,0,0.01,0.313557875,0.00313557875,0.0
2,chr10,"(8889328, 18357169)",-1.0,0,1.01,0.394493375,0.39843830874999997,1.0
3,chr10,"(18357169, 18464904)",1.0,0,1.01,0.0044889583333333335,0.004533847916666667,1.0
4,chr10,"(18464904, 22235650)",-1.0,0,1.01,0.15711441666666667,0.15868556083333335,1.0
5,chr10,"(22235650, 24000000)",0.0,0,0.01,0.07351458333333333,0.0007351458333333333,0.0
6,chr10,"(24000000, 27236784)",0.0,0,0.01,0.05659187095227256,0.0005659187095227256,0.0
7,chr10,"(27236784, 45537022)",-1.0,0,1.01,0.3199610191139954,0.32316062930513534,1.0
8,chr10,"(45537022, 81195210)",0.0,0,0.01,0.6234470924497507,0.006234470924497507,0.0
