,chromosome,Range,S_value,P_value,f_value,m,w_value,(s-p)^2
0,chr13,"(0, 14866925)",0.0,0,0.01,0.5406154545454546,0.005406154545454546,0.0
1,chr13,"(14866925, 14974268)",-1.0,0,1.01,0.0039033818181818183,0.003942415636363637,1.0
2,chr13,"(14974268, 27500000)",0.0,0,0.01,0.45548116363636365,0.004554811636363637,0.0
3,chr13,"(27500000, 62030873)",0.0,0,0.01,0.9720018743708221,0.00972001874370822,0.0
4,chr13,"(62030873, 62530136)",1.0,0,1.01,0.014053643294914661,0.014194179727863809,1.0
5,chr13,"(62530136, 63025520)",0.0,0,0.01,0.013944454185485415,0.00013944454185485416,0.0
