,chromosome,Range,S_value,P_value,f_value,m,w_value,(s-p)^2
0,chr14,"(0, 13200000)",0.0,0,0.01,1.0,0.01,0
1,chr14,"(13200000, 48129895)",0.0,0,0.01,0.9999999713712289,0.00999999971371229,0
