,chromosome,Range,S_value,P_value,f_value,m,w_value,(s-p)^2
0,chr20,"(0, 802531)",0.0,0,0.01,0.013397846410684474,0.00013397846410684474,0.0
1,chr20,"(802531, 1190844)",1.0,0,1.01,0.006482687813021703,0.00654751469115192,1.0
2,chr20,"(1190844, 59900000)",0.0,0,0.01,0.9801194657762938,0.009801194657762939,0.0
3,chr20,"(59900000, 159138663)",0.0,0,0.01,0.9999999899232823,0.009999999899232823,0.0
