,chromosome,Range,S_value,P_value,f_value,m,w_value,(s-p)^2
0,chr22,"(0, 49000000)",0.0,0,0.01,1.0,0.01,0.0
1,chr22,"(49000000, 139629170)",0.0,0,0.01,0.9828196178621786,0.009828196178621787,0.0
2,chr22,"(139629170, 140612765)",1.0,0,1.01,0.010666504636764848,0.010773169683132496,1.0
3,chr22,"(140612765, 141213431)",0.0,0,0.01,0.006513866656649326,6.513866656649326e-05,0.0
