,chromosome,Range,S_value,P_value,f_value,m,w_value,(s-p)^2
0,chr23,"(0, 2311498)",1.0,0,1.01,0.038143531353135314,0.03852496666666667,1.0
1,chr23,"(2311498, 60600000)",0.0,0,0.01,0.9618564686468647,0.009618564686468647,0.0
2,chr23,"(60600000, 155270560)",0.0,0,0.01,0.9999999894370543,0.009999999894370544,0.0
