,chromosome,Range,S_value,P_value,f_value,m,w_value,(s-p)^2
0,chr24,"(0, 12500000)",0.0,0,0.01,1.0,0.01,0
1,chr24,"(12500000, 59373566)",0.0,0,0.01,0.9999999786660144,0.009999999786660144,0
