,chromosome,Range,S_value,P_value,f_value,m,w_value,(s-p)^2
0,chr3,"(0, 17900000)",0.0,0.0,0.01,1.0,0.01,0.0
1,chr3,"(17900000, 19500000)",0.0,0.0,0.01,0.016449079781419282,0.00016449079781419282,0.0
2,chr3,"(19500000, 115169877)",0.0,-1.0,1.01,0.983550899657231,0.9933864086538033,1.0
3,chr3,"(115169877, 115169878)",0.0,0.0,0.01,0.0,0.0,0.0
