,chromosome,Range,S_value,P_value,f_value,m,w_value,(s-p)^2
0,chr4,"(0, 0)",0.0,-1.0,1.01,0.0,0.0,1.0
1,chr4,"(0, 90500000)",0.0,-1.0,1.01,0.969989281886388,0.9796891747052519,1.0
2,chr4,"(90500000, 93300000)",0.0,0.0,0.01,0.030010718113612004,0.00030010718113612,0.0
3,chr4,"(93300000, 243199373)",0.0,0.0,0.01,0.999999993328858,0.00999999993328858,0.0
