,chromosome,Range,S_value,P_value,f_value,m,w_value,(s-p)^2
0,chr5,"(0, 53700000)",0.0,0,0.01,1.0,0.01,0
1,chr5,"(53700000, 135006516)",0.0,0,0.01,0.9999999877008628,0.009999999877008628,0
