,chromosome,Range,S_value,P_value,f_value,m,w_value,(s-p)^2
0,chr6,"(0, 35800000)",0.0,0,0.01,1.0,0.01,0
1,chr6,"(35800000, 133851895)",0.0,0,0.01,0.9999999898013191,0.00999999989801319,0
