,chromosome,Range,S_value,P_value,f_value,m,w_value,(s-p)^2
0,chr7,"(0, 17600000)",0.0,0,0.01,1.0,0.01,0.0
1,chr7,"(17600000, 105085384)",0.0,0,0.01,0.9747724949367708,0.009747724949367707,0.0
2,chr7,"(105085384, 105914531)",1.0,0,1.01,0.009238453932594485,0.009330838471920429,1.0
3,chr7,"(105914531, 107349540)",0.0,0,0.01,0.015989039988516487,0.00015989039988516487,0.0
