,chromosome,Range,S_value,P_value,f_value,m,w_value,(s-p)^2
0,chr8,"(0, 19000000)",0.0,0,0.01,1.0,0.01,0
1,chr8,"(19000000, 102531392)",0.0,0,0.01,0.9999999880284529,0.00999999988028453,0
