,chromosome,Range,S_value,P_value,f_value,m,w_value,(s-p)^2
0,chr9,"(0, 2486782)",1.0,0,1.01,0.06794486338797814,0.06862431202185793,1.0
1,chr9,"(2486782, 36600000)",0.0,0,0.01,0.9320551366120219,0.009320551366120219,0.0
2,chr9,"(36600000, 88364132)",0.0,0,0.01,0.9629684474046705,0.009629684474046704,0.0
3,chr9,"(88364132, 90354753)",1.0,0,1.01,0.03703153399232373,0.03740184933224697,1.0
